"Path","Platform","Compiled","Cooked","Permutations","Compiletime","CompiledDouble","CookedDouble"
"Globals","0","2745","0","1","0.000000","0","0"
"/ControlRig/Controls/ControlRigGizmoMaterial.ControlRigGizmoMaterial","0","2","2","1","1.981882","0","2"
"/Engine/EditorMaterials/PhAT_UnselectedMaterial.PhAT_UnselectedMaterial","0","3","3","1","2.669585","0","3"
"/Engine/EditorMaterials/PhAT_NoCollisionMaterial.PhAT_NoCollisionMaterial","0","3","3","1","1.432825","0","3"
"/Engine/EngineMaterials/GizmoMaterial.GizmoMaterial","0","5","6","1","6.486130","0","6"
"/Engine/EngineDebugMaterials/DebugMeshMaterial.DebugMeshMaterial","0","5","5","1","4.484650","0","5"
"/Engine/EngineMaterials/RemoveSurfaceMaterial.RemoveSurfaceMaterial","0","2","2","1","2.245471","0","2"
"/Engine/EngineMaterials/NaniteHiddenSectionMaterial.NaniteHiddenSectionMaterial","0","12","14","1","17.240400","0","14"
"/Engine/EditorMaterials/Dataflow/DataflowTwoSidedVertexMaterial.DataflowTwoSidedVertexMaterial","0","12","14","1","17.788555","0","14"
"/Engine/EditorMaterials/Dataflow/DataflowVertexMaterial.DataflowVertexMaterial","0","6","6","1","5.204213","0","6"
"/Engine/BasicShapes/BasicShapeMaterial.BasicShapeMaterial","0","9","9","1","9.515010","0","9"
"/Engine/EngineDebugMaterials/DebugEditorMaterial.DebugEditorMaterial","0","5","6","1","5.179151","0","6"
"/ControlRig/Controls/ControlRigXRayMaterial.ControlRigXRayMaterial","0","6","7","1","5.232670","0","7"
"/HairStrands/Materials/HairMeshesDefaultMaterial.HairMeshesDefaultMaterial","0","33","36","1","28.770609","0","36"
"/HairStrands/Materials/HairCardsDefaultMaterial.HairCardsDefaultMaterial","0","57","63","1","46.180695","0","63"
"/HairStrands/Materials/HairDefaultMaterial.HairDefaultMaterial","0","33","36","1","0.000000","0","36"
"/Engine/EditorLandscapeResources/SplineEditorMeshMat.SplineEditorMeshMat","0","10","12","1","13.642797","0","12"
"/Engine/EngineDebugMaterials/M_SimpleUnlitTranslucent.M_SimpleUnlitTranslucent","0","3","3","1","1.259871","0","3"
"/Engine/EditorMaterials/Camera/CineMat.CineMat","0","6","6","1","7.019948","0","6"
"/Engine/VREditor/TransformGizmo/TranslucentTransformGizmoMaterial.TranslucentTransformGizmoMaterial","0","3","3","1","1.466601","0","3"
"/Engine/VREditor/TransformGizmo/Xray.Xray","0","3","3","1","2.208780","0","3"
"/Engine/VREditor/TransformGizmo/Main.Main","0","3","3","1","1.390340","0","3"
"/Engine/EngineMaterials/DefaultLightFunctionMaterial.DefaultLightFunctionMaterial","0","25","25","1","12.480799","0","25"
"/MeshModelingToolset/Materials/M_DynamicMeshComponentVtxColor.M_DynamicMeshComponentVtxColor","0","7","9","1","8.465072","0","9"
"/Game/Environment/Grid/GridMaterialTransparent.GridMaterialTransparent","0","6","6","1","4.715516","0","6"
"/Paper2D/DefaultSpriteMaterial.DefaultSpriteMaterial","0","46","52","3","45.064194","0","52"
"/Niagara/DefaultAssets/DefaultSpriteMaterial.DefaultSpriteMaterial","0","30","35","1","27.255619","0","35"
"/Game/StarterContent/Particles/Materials/m_flare_01.m_flare_01","0","12","12","1","7.235581","0","12"
"/Engine/EngineMaterials/FlattenMaterial_WS_Normal_VT.FlattenMaterial_WS_Normal_VT","0","6","6","1","5.111633","0","6"
"/Engine/EngineMaterials/FlattenMaterial_VT.FlattenMaterial_VT","0","6","6","1","5.434890","0","6"
"/Engine/EngineMaterials/FlattenMaterial.FlattenMaterial","0","9","9","1","3.232955","0","9"
"/Engine/EngineMaterials/M_InvalidLightmapSettings.M_InvalidLightmapSettings","0","6","6","1","6.066807","0","6"
"/Engine/EngineMaterials/EmissiveMeshMaterial.EmissiveMeshMaterial","0","10","10","1","7.307939","0","10"
"/Engine/EngineMaterials/PhAT_JointLimitMaterial.PhAT_JointLimitMaterial","0","6","7","1","6.867513","0","7"
"/ControlRig/M_Manip.M_Manip","0","6","7","1","5.507529","0","7"
"/Engine/VREditor/TransformGizmo/TransformGizmoMaterial.TransformGizmoMaterial","0","2","2","1","1.934464","0","2"
"/Engine/EngineDebugMaterials/M_VolumeRenderSphereTracePP.M_VolumeRenderSphereTracePP","0","5","0","1","0.000000","0","0"
"/Engine/EngineMaterials/Widget3DPassThrough.Widget3DPassThrough","0","41","46","6","32.542580","0","46"
"/HairStrands/Materials/HairDebugMaterial.HairDebugMaterial","0","57","63","1","57.803928","0","63"
"/Engine/EngineMaterials/DefaultPostProcessMaterial.DefaultPostProcessMaterial","0","7","7","1","3.395743","0","7"
"/Engine/EngineMaterials/DefaultDeferredDecalMaterial.DefaultDeferredDecalMaterial","0","33","33","1","29.235514","0","33"
"/Engine/EngineMaterials/WorldGridMaterial.WorldGridMaterial","0","333","0","1","0.000000","0","0"
"","0","1","0","1","0.000000","1","0"
"/SpeedTreeImporter/SpeedTree9/SpeedTreeMaster.SpeedTreeMaster","0","28","32","1","41.189270","0","32"
"/Engine/EngineMaterials/DefaultMaterial.DefaultMaterial","0","24","24","1","12.380069","0","24"
"/Engine/EngineSky/VolumetricClouds/m_SimpleVolumetricCloud.m_SimpleVolumetricCloud","0","88","88","1","622.214905","0","88"
"/Engine/EngineMaterials/DefaultParticle.DefaultParticle","0","78","90","1","64.778748","0","90"
"/Engine/VREditor/SnapGrid/SnapGridMaterial.SnapGridMaterial","0","10","10","1","7.808462","0","10"
"/Game/StarterContent/Particles/Materials/M_Burst.M_Burst","0","15","15","1","9.073803","0","15"
"/Engine/EngineMaterials/PPM_DefaultCalibrationColor.PPM_DefaultCalibrationColor","0","5","5","1","2.084106","0","5"
"/SpeedTreeImporter/SpeedTree9/SpeedTreeBillboardMaster.SpeedTreeBillboardMaster","0","28","32","1","40.741764","0","32"
"/Game/StarterContent/Particles/Materials/M_smoke_subUV.M_smoke_subUV","0","18","18","1","15.631862","0","18"
"/Engine/EngineMaterials/PPM_DefaultCalibrationGrayscale.PPM_DefaultCalibrationGrayscale","0","5","5","1","1.229941","0","5"
"/AudioWidgets/AudioMaterialSlate/M_AudioMaterialKnob.M_AudioMaterialKnob","0","13","13","1","6.221613","0","13"
"/AudioWidgets/AudioMaterialSlate/M_AudioMaterialToggleButton.M_AudioMaterialToggleButton","0","13","13","1","5.871053","0","13"
"/InterchangeAssets/gltf/M_SpecularGlossiness.M_SpecularGlossiness","0","102","106","6","197.977524","0","106"
"/Engine/EngineMaterials/DefaultTextMaterialOpaque.DefaultTextMaterialOpaque","0","14","16","1","15.505484","0","16"
"/AudioWidgets/AudioMaterialSlate/M_AudioMaterialEnvelope_ADSR.M_AudioMaterialEnvelope_ADSR","0","23","25","1","19.278334","0","25"
"/InterchangeAssets/gltf/M_Sheen.M_Sheen","0","102","80","6","130.092438","0","80"
"/AudioWidgets/AudioMaterialSlate/M_AudioMaterialMeter.M_AudioMaterialMeter","0","13","13","1","5.441503","0","13"
"/InterchangeAssets/gltf/M_Default.M_Default","0","110","128","6","264.154541","0","128"
"/InterchangeAssets/gltf/M_ClearCoat.M_ClearCoat","0","110","92","6","173.377914","0","92"
"/AudioWidgets/AudioMaterialSlate/M_AudioMaterialRoundedSlider.M_AudioMaterialRoundedSlider","0","23","0","1","0.000000","0","0"
"/InterchangeAssets/gltf/M_Unlit.M_Unlit","0","82","92","6","75.003967","0","92"
"/InterchangeAssets/gltf/M_Transmission.M_Transmission","0","28","0","2","0.000000","0","0"
"/Game/Blueprints/Critters/Distortions.Distortions","0","16","16","1","16.128284","0","16"
"/Game/StarterContent/Particles/Materials/M_radial_ramp.M_radial_ramp","0","12","12","1","7.837130","0","12"
"/Game/StarterContent/Particles/Materials/M_explosion_subUV.M_explosion_subUV","0","9","9","1","6.078840","0","9"
"/Engine/EditorMaterials/PreviewShadowIndicatorMaterial.PreviewShadowIndicatorMaterial","0","25","0","1","0.000000","0","0"
"Globals","49","10300","0","1","0.000000","0","0"
"/ControlRig/Controls/ControlRigGizmoMaterial.ControlRigGizmoMaterial","49","7","7","1","3.519155","0","7"
"","49","64","0","1","0.000000","67","0"
"/MeshModelingToolset/Materials/M_DynamicMeshComponentVtxColor.M_DynamicMeshComponentVtxColor","49","12","14","1","12.208891","0","14"
"/Engine/EditorMaterials/PhAT_UnselectedMaterial.PhAT_UnselectedMaterial","49","8","8","1","7.862854","0","8"
"/Engine/EditorMaterials/PhAT_NoCollisionMaterial.PhAT_NoCollisionMaterial","49","8","8","1","8.439286","0","8"
"/Engine/EngineMaterials/GizmoMaterial.GizmoMaterial","49","10","11","1","5.877789","0","11"
"/Engine/EngineDebugMaterials/DebugMeshMaterial.DebugMeshMaterial","49","10","10","1","7.104952","0","10"
"/Engine/EngineMaterials/RemoveSurfaceMaterial.RemoveSurfaceMaterial","49","7","7","1","5.416083","0","7"
"/Engine/EngineMaterials/NaniteHiddenSectionMaterial.NaniteHiddenSectionMaterial","49","19","21","1","12.879953","0","21"
"/Engine/EditorMaterials/Dataflow/DataflowTwoSidedVertexMaterial.DataflowTwoSidedVertexMaterial","49","17","19","1","13.743999","0","19"
"/Engine/EditorMaterials/Dataflow/DataflowVertexMaterial.DataflowVertexMaterial","49","11","11","1","6.833457","0","11"
"/Engine/BasicShapes/BasicShapeMaterial.BasicShapeMaterial","49","27","27","1","24.090740","0","27"
"/Engine/EngineDebugMaterials/DebugEditorMaterial.DebugEditorMaterial","49","10","11","1","7.753566","0","11"
"/ControlRig/Controls/ControlRigXRayMaterial.ControlRigXRayMaterial","49","11","12","1","8.151069","0","12"
"/HairStrands/Materials/HairMeshesDefaultMaterial.HairMeshesDefaultMaterial","49","42","45","1","27.562082","0","45"
"/HairStrands/Materials/HairCardsDefaultMaterial.HairCardsDefaultMaterial","49","72","78","1","50.778141","0","78"
"/HairStrands/Materials/HairDefaultMaterial.HairDefaultMaterial","49","42","45","1","0.000000","0","45"
"/Engine/EditorLandscapeResources/SplineEditorMeshMat.SplineEditorMeshMat","49","22","24","1","25.857306","0","24"
"/Engine/EngineDebugMaterials/M_SimpleUnlitTranslucent.M_SimpleUnlitTranslucent","49","8","8","1","4.157441","0","8"
"/Engine/EditorMaterials/Camera/CineMat.CineMat","49","14","14","1","11.590556","0","14"
"/Engine/VREditor/TransformGizmo/TranslucentTransformGizmoMaterial.TranslucentTransformGizmoMaterial","49","8","8","1","6.573594","0","8"
"/Engine/VREditor/TransformGizmo/Xray.Xray","49","8","8","1","6.475985","0","8"
"/Engine/VREditor/TransformGizmo/Main.Main","49","8","8","1","6.756498","0","8"
"/Engine/EngineMaterials/DefaultLightFunctionMaterial.DefaultLightFunctionMaterial","49","67","67","1","0.000000","0","67"
"/Niagara/DefaultAssets/DefaultSpriteMaterial.DefaultSpriteMaterial","49","41","46","1","24.212040","0","46"
"/Game/StarterContent/Particles/Materials/m_flare_01.m_flare_01","49","17","17","1","9.268023","0","17"
"/Engine/EngineMaterials/FlattenMaterial_WS_Normal_VT.FlattenMaterial_WS_Normal_VT","49","16","16","1","21.065090","0","16"
"/Engine/EngineMaterials/FlattenMaterial_VT.FlattenMaterial_VT","49","16","16","1","22.469122","0","16"
"/Engine/EngineMaterials/FlattenMaterial.FlattenMaterial","49","22","22","1","18.238649","0","22"
"/Engine/EngineMaterials/M_InvalidLightmapSettings.M_InvalidLightmapSettings","49","16","16","1","13.743008","0","16"
"/Engine/EngineMaterials/EmissiveMeshMaterial.EmissiveMeshMaterial","49","17","17","1","12.745056","0","17"
"/Engine/EngineMaterials/PhAT_JointLimitMaterial.PhAT_JointLimitMaterial","49","11","12","1","9.354618","0","12"
"/ControlRig/M_Manip.M_Manip","49","11","12","1","8.634229","0","12"
"/Paper2D/DefaultSpriteMaterial.DefaultSpriteMaterial","49","74","80","3","49.607513","0","80"
"/Engine/VREditor/TransformGizmo/TransformGizmoMaterial.TransformGizmoMaterial","49","7","7","1","6.281234","0","7"
"/Engine/EngineDebugMaterials/M_VolumeRenderSphereTracePP.M_VolumeRenderSphereTracePP","49","7","7","1","4.378990","0","0"
"/Engine/EngineMaterials/Widget3DPassThrough.Widget3DPassThrough","49","75","80","6","48.545521","0","88"
"/HairStrands/Materials/HairDebugMaterial.HairDebugMaterial","49","72","78","1","56.396675","0","78"
"/Game/Environment/Grid/GridMaterialTransparent.GridMaterialTransparent","49","11","11","1","4.322602","0","11"
"/Engine/EngineSky/VolumetricClouds/m_SimpleVolumetricCloud.m_SimpleVolumetricCloud","49","92","92","1","224.025177","0","92"
"/Engine/EngineMaterials/DefaultPostProcessMaterial.DefaultPostProcessMaterial","49","9","9","1","0.000000","0","9"
"/Engine/EngineMaterials/DefaultDeferredDecalMaterial.DefaultDeferredDecalMaterial","49","40","40","1","0.000000","0","40"
"/Engine/EngineMaterials/DefaultMaterial.DefaultMaterial","49","45","45","1","22.864300","0","45"
"/Engine/EngineMaterials/WorldGridMaterial.WorldGridMaterial","49","993","1016","1","0.000000","0","0"
"/Engine/VREditor/SnapGrid/SnapGridMaterial.SnapGridMaterial","49","18","18","1","15.783693","0","18"
"/Engine/EngineMaterials/PPM_DefaultCalibrationColor.PPM_DefaultCalibrationColor","49","7","7","1","3.385382","0","7"
"/Engine/EngineMaterials/PPM_DefaultCalibrationGrayscale.PPM_DefaultCalibrationGrayscale","49","7","7","1","3.462665","0","7"
"/Engine/EngineMaterials/DefaultTextMaterialOpaque.DefaultTextMaterialOpaque","49","21","23","1","16.256798","0","23"
"/Engine/EditorMaterials/PreviewShadowIndicatorMaterial.PreviewShadowIndicatorMaterial","49","67","0","1","0.000000","0","0"
"/Game/Blueprints/Critters/Distortions.Distortions","49","24","24","1","15.205990","0","24"
"/Game/StarterContent/Particles/Materials/M_radial_ramp.M_radial_ramp","49","17","17","1","9.819173","0","17"
"/Game/StarterContent/Particles/Materials/M_explosion_subUV.M_explosion_subUV","49","14","14","1","7.461757","0","14"
"/InterchangeAssets/gltf/M_Unlit.M_Unlit","49","202","212","6","325.713013","0","212"
"/InterchangeAssets/gltf/M_Transmission.M_Transmission","49","54","54","2","120.761940","0","0"
"/InterchangeAssets/gltf/M_SpecularGlossiness.M_SpecularGlossiness","49","156","166","6","126.162537","0","155"
"/InterchangeAssets/gltf/M_ClearCoat.M_ClearCoat","49","164","182","6","138.219849","0","137"
"/InterchangeAssets/gltf/M_Default.M_Default","49","164","182","6","141.139008","0","182"
"/AudioWidgets/AudioMaterialSlate/M_AudioMaterialMeter.M_AudioMaterialMeter","49","15","15","1","6.714409","0","15"
"/AudioWidgets/AudioMaterialSlate/M_AudioMaterialRoundedSlider.M_AudioMaterialRoundedSlider","49","27","29","1","15.485149","0","0"
"/InterchangeAssets/gltf/M_Sheen.M_Sheen","49","156","166","6","125.256027","0","125"
"/AudioWidgets/AudioMaterialSlate/M_AudioMaterialEnvelope_ADSR.M_AudioMaterialEnvelope_ADSR","49","27","29","1","16.564173","0","29"
"/AudioWidgets/AudioMaterialSlate/M_AudioMaterialKnob.M_AudioMaterialKnob","49","15","15","1","7.397902","0","15"
"/AudioWidgets/AudioMaterialSlate/M_AudioMaterialToggleButton.M_AudioMaterialToggleButton","49","15","15","1","6.941274","0","15"
"/SpeedTreeImporter/SpeedTree9/SpeedTreeBillboardMaster.SpeedTreeBillboardMaster","49","42","46","1","36.544384","0","46"
"/SpeedTreeImporter/SpeedTree9/SpeedTreeMaster.SpeedTreeMaster","49","42","46","1","39.194931","0","46"
"/Game/StarterContent/Particles/Materials/M_Burst.M_Burst","49","20","20","1","8.644432","0","20"
"/Game/StarterContent/Particles/Materials/M_smoke_subUV.M_smoke_subUV","49","23","23","1","14.259626","0","23"
"/Engine/EngineMaterials/DefaultParticle.DefaultParticle","49","101","113","1","58.835293","0","113"
